"","SITE_ID","BIO","X_COORD","Y_COORD","DWELL","TREE","myotis","mormo"
"1",1,"Coast",329214,5818849.186,9.324,30.6,0,0
"2",2,"Coast",328414,5820083.752,10.377,8.7,0,0
"3",3,"Coast",330602,5817965.652,0.979,36.8,0,1
"4",4,"Coast",330703,5818777.413,0.299,34.3,1,0
"5",5,"High",338955,5819633.675,7.285,9.7,1,0
"6",6,"High",339345,5818972.731,7.058,6.4,1,0
"7",7,"High",340112,5819117.653,1.303,60.1,1,0
"8",8,"High",339726,5818212.876,7.189,7.1,0,0
"9",9,"Coast",348800,5819956.592,0.465,74.6,1,1
"10",10,"Coast",350138,5818563.163,2.664,7.4,0,0
"11",11,"Coast",350980,5818189.561,6.384,7.3,0,1
"12",12,"Coast",349040,5817401.84,6.6,24.7,1,0
"13",13,"Coast",343937,5808059.401,9.169,11.3,0,0
"14",14,"Coast",344479,5808523.677,9.433,10.2,0,0
"15",15,"Coast",343706,5808668.305,9.541,7.9,0,0
"16",16,"Coast",343640,5810016.022,5.145,30.2,1,0
"17",17,"Coast",333641,5804936.496,8.997,8.7,0,0
"18",18,"Coast",334418,5804505.529,7.909,15.1,1,0
"19",19,"Coast",334690,5805393.99,9.842,18,0,0
"20",20,"Coast",335886,5805925.712,7.137,36,0,0
"21",21,"High",333107,5829161.153,0.418,24.5,0,0
"22",22,"High",334592,5828941.83,1.285,17.3,1,0
"23",23,"High",333575,5828075.448,1.796,24.6,1,1
"24",24,"High",334971,5827615.132,5.995,10.6,0,0
"25",25,"High",344027,5829095.131,0.108,41,1,0
"26",26,"High",346182,5829593.319,0.055,57.9,1,1
"27",27,"High",346424,5829519.911,0.051,55.4,1,1
"28",28,"High",344334,5827255.827,0.072,6.4,1,0
"29",29,"High",357534,5830582.404,0.035,6,1,0
"30",30,"High",353768,5831621.069,0.058,84.5,1,0
"31",31,"High",355023,5832174.059,0.181,58.1,1,0
"32",32,"High",356524,5831209.719,4.539,2.5,0,0
"33",33,"High",368908,5829820.155,1.526,18.4,1,0
"34",34,"High",370952,5828416.807,2.842,45.5,1,1
"35",35,"High",370031,5827976.574,0.001,87.7,1,1
"36",36,"High",369742,5828237.305,0.045,94.3,1,1
"37",37,"High",359814,5818806.683,0.244,38.7,1,0
"38",38,"High",359949,5818224.937,0.611,38.2,1,0
"39",39,"High",360929,5817717.446,2.222,18.1,1,0
"40",40,"High",359952,5817214.4,0.336,50.3,1,0
"41",42,"Vicvol",315066,5808279.66,13.629,3.5,0,0
"42",43,"Vicvol",314195,5809022.619,13.954,3.7,0,0
"43",44,"Vicvol",312894,5808939.5,9.981,2.1,0,0
"44",45,"Vicvol",304251,5808781.449,4.892,0.7,0,0
"45",46,"Vicvol",304107,5808320.529,8.529,1.1,0,0
"46",47,"Vicvol",304203,5807673.366,6.37,1.5,1,0
"47",48,"Vicvol",302653,5807947.94,0.033,1.7,1,0
"48",49,"Vicvol",293601,5801748.102,4.552,14,1,0
"49",50,"Vicvol",295138,5801384.198,7.075,4.9,0,0
"50",51,"Vicvol",295464,5798844.098,0.04,7.7,1,1
"51",52,"Vicvol",294880,5799159.087,0,17.6,1,1
"52",53,"Vicvol",273174,5797709.049,0.001,68.8,1,0
"53",54,"Vicvol",275101,5798015.435,0,86.6,1,0
"54",55,"Vicvol",275590,5796893.078,0.001,42.3,1,0
"55",56,"Vicvol",275493,5796102.807,0.001,37.9,1,0
"56",57,"Vicvol",285493,5816001.291,0.008,54.6,1,1
"57",58,"Vicvol",285268,5814144.475,0.008,8.6,1,0
"58",59,"Vicvol",285602,5815487.293,0.008,59,1,1
"59",60,"Vicvol",285345,5816431.764,0.008,16.6,1,0
"60",61,"Vicvol",313872,5830005.479,2.026,1.8,0,1
"61",62,"Vicvol",314534,5828671.021,6.838,2.7,0,0
"62",63,"Vicvol",315265,5828254.985,5.879,2.1,0,0
"63",64,"Vicvol",313534,5828211.053,6.131,5.3,1,0
"64",65,"Vicvol",318063,5839746.796,1.379,0.6,0,0
"65",66,"Vicvol",316554,5838125.003,4.842,1.7,0,0
"66",67,"Vicvol",317511,5837226.964,9.952,0.6,0,0
"67",68,"Vicvol",317572,5837751.54,9.393,0.4,0,0
"68",69,"Vicvol",334225,5840170.843,0.182,13,1,1
"69",70,"Vicvol",335535,5838955.565,3.334,3,1,0
"70",71,"Vicvol",335765,5837641.075,1.257,4.2,1,1
"71",72,"Vicvol",334138,5837760.508,0.101,2.8,1,1
"72",73,"Vicvol",325044,5829905.579,7.578,1.7,0,0
"73",74,"Vicvol",325480,5828936.028,10.524,4.2,0,0
"74",75,"Vicvol",324169,5828198.218,8.671,3.1,0,0
"75",76,"Vicvol",323473,5827252.513,9.474,1.9,0,0
"76",77,"Vicvol",320183,5819986.916,16.141,6.7,0,0
"77",78,"Vicvol",320673,5818838.541,18.239,4.6,0,0
"78",79,"Vicvol",319608,5817903.226,12.758,3.5,0,0
"79",80,"Vicvol",318450,5818395.891,14.767,5.7,0,0
"80",81,"High",353903,5810038.859,0.006,99.9,1,1
"81",82,"High",354205,5809318.112,0.041,96,1,0
"82",83,"High",354434,5808406.719,0.091,96.9,1,1
"83",84,"High",353420,5807950.22,0.131,96.9,1,0
"84",85,"High",363198,5809797.792,0.165,10.3,1,1
"85",86,"High",363675,5808940.272,0.137,54.1,1,0
"86",87,"High",364489,5807990.013,0.137,58.6,1,0
"87",88,"High",365898,5809506.738,0.068,83.6,1,0
"88",89,"High",366127,5800332.099,0.622,81.8,1,0
"89",90,"High",367279,5800047.654,2.742,47.1,1,0
"90",91,"High",367770,5799499.821,2.074,59.3,1,0
"91",92,"High",366196,5799424.677,0.487,59,1,0
"92",93,"High",378598,5792294.478,0.01,84.5,0,0
"93",94,"High",379948,5794244.77,0.001,93.3,1,0
"94",95,"High",380687,5795174.16,0,98,0,0
"95",96,"High",379132,5795354.84,0,98.4,0,0
"96",97,"High",359931,5789651.265,0.125,67,1,0
"97",98,"High",360298,5789201.786,0.143,72.9,1,0
"98",99,"High",361386,5787821.644,0.103,8.4,1,0
"99",100,"High",358734,5788186.114,0.262,33,1,0
"100",101,"Coast",325833,5798854.174,11.975,9,0,0
"101",102,"Coast",327144,5798955.336,11.878,6.5,0,0
"102",103,"Coast",325489,5796822.282,8.576,18.6,0,0
"103",104,"Coast",326728,5796757.222,4.876,11.4,1,0
"104",105,"Coast",335322,5793111.242,0.006,1,1,1
"105",106,"Coast",336143,5792144.893,0.008,12.5,1,1
"106",107,"Coast",336134,5792745.738,0.008,7.9,1,1
"107",108,"Coast",336234,5793289.554,1.098,29.8,1,1
"108",109,"Coast",351300,5798294.245,0,93.7,1,0
"109",110,"Coast",349791,5799543.642,0,84.1,1,0
"110",111,"Coast",349305,5798578.903,0,78.1,1,0
"111",112,"Coast",350294,5798433.118,0,89.7,1,0
"112",113,"Coast",349983,5789338.528,5.19,5.3,1,1
"113",114,"Coast",348352,5789650.599,7.017,2.9,1,0
"114",115,"Coast",349055,5788205.879,8.148,4.4,0,0
"115",116,"Coast",349868,5787587.803,6.6,0.4,0,0
"116",117,"Coast",350503,5778135.362,2.851,4,0,0
"117",118,"Coast",349555,5777592.867,0.002,45.1,1,0
"118",119,"Coast",348984,5780255.835,5.717,6.5,1,0
"119",120,"Coast",347363,5779068.309,2.146,12.5,0,0
"120",121,"Coast",324011,5754248.516,1.403,35.4,1,0
"121",122,"Coast",323118,5754428.691,9.279,1.3,0,1
"122",123,"Coast",323422,5753482.75,1.269,39,1,0
"123",124,"Coast",325072,5752490.499,0.121,74.2,0,0
"124",125,"Coast",340190,5760099.196,2.962,25.3,1,1
"125",126,"Coast",341218,5757914.53,4.628,8.2,0,1
"126",127,"Coast",340753,5757488.882,0.414,24.2,1,1
"127",128,"Coast",339929,5757217.3,0.546,14.2,1,0
"128",129,"Coast",328204,5764793.094,7.978,6.4,0,1
"129",130,"Coast",329178,5764319.356,7.325,1.3,0,0
"130",131,"Coast",331055,5764219.419,0.57,11.8,1,0
"131",132,"Coast",328911,5762787.433,0.039,30.4,1,1
"132",133,"Coast",338391,5767302.362,1.478,30.5,1,0
"133",134,"Coast",339247,5767684.305,6.914,6.2,1,0
"134",135,"Coast",340291,5767317.193,6.585,12.4,0,0
"135",136,"Coast",341039,5767516.467,7.597,3.4,0,0
"136",137,"Coast",339913,5777174.053,5.09,19.5,1,0
"137",138,"Coast",339333,5777891.523,3.654,35.4,1,0
"138",139,"Coast",339118,5778725.432,5.646,28.9,1,1
"139",140,"Coast",338469,5779321.708,11.088,0.1,0,0
"140",141,"Vicvol",280054,5829253.562,0.059,55.7,1,0
"141",142,"Vicvol",280836,5829150.221,0.088,56,1,0
"142",143,"Vicvol",280014,5828664.859,0.049,65,1,1
"143",144,"Vicvol",280538,5827892.284,0.063,75.9,1,0
"144",145,"Vicvol",288615,5829635.246,0.997,0,1,0
"145",146,"Vicvol",289391,5828887.55,0.383,0,1,1
"146",147,"Vicvol",288822,5827992.091,0.461,1.6,1,0
"147",148,"Vicvol",288272,5827277.978,1.998,2.4,0,1
"148",149,"Vicvol",300774,5826145.56,5.435,1.3,0,0
"149",150,"Vicvol",300300,5825596.995,1.761,0.3,0,0
"150",151,"Vicvol",301946,5826203.758,8.898,0.7,0,0
"151",152,"Vicvol",302774,5825182.562,9.652,0.9,0,0
"152",153,"Vicvol",310375,5820035.848,4.062,5,0,0
"153",154,"Vicvol",310703,5818489.848,2.705,9.9,1,1
"154",155,"Vicvol",310942,5818188.672,4.495,7.3,1,0
"155",156,"Vicvol",309475,5817034.494,8.315,1.8,0,0
"156",157,"Vicvol",298536,5839911.085,5.956,7.4,0,0
"157",158,"Vicvol",299186,5839626.271,7.701,3.2,1,1
"158",159,"Vicvol",300421,5838483.893,2.636,2.3,1,1
"159",160,"Vicvol",299226,5837398.484,6.401,2.6,0,1
"160",162,"Coast",322066,5812957.844,10.792,41.9,0,0
"161",164,"Coast",322278,5810995.141,6.855,49.3,1,0
"162",165,"Coast",323454,5804917.849,22.669,9.1,0,0
"163",166,"Coast",325101,5804916.555,18.164,11.2,0,0
"164",168,"Coast",325143,5802727.389,11.241,16.8,1,0
"165",169,"Coast",339340,5801170.188,7.674,13.9,0,0
"166",170,"Coast",341047,5801722.251,8.292,6,0,0
"167",171,"Coast",341820,5800180.032,8.173,7,0,0
"168",172,"Coast",339743,5799799.178,7.395,12.7,0,0
"169",173,"Coast",331605,5812182.296,10.434,26.4,0,0
"170",174,"Coast",332212,5811018.115,10.695,28.3,1,0
"171",175,"Coast",333501,5810293.189,7.046,22.9,0,0
"172",176,"Coast",334101,5811635.062,9.873,14.7,1,1
